{
    "0": 1966.4293924534575,
    "1": 891.4391497672873,
    "2": 800.8464095744681,
    "3": 775.7626122007979,
    "4": 764.7972365359043,
    "5": 754.2773084275266,
    "6": 745.4984624335107,
    "7": 733.1045316655585,
    "8": 715.445000831117,
    "9": 690.3592565658245,
    "10": 654.9398312832446,
    "11": 625.8941759474734,
    "12": 606.9618226396277,
    "13": 593.1329060006649,
    "14": 575.0708755817819,
    "15": 559.7967731881649,
    "16": 548.327171293218,
    "17": 535.9768243018617,
    "18": 527.2874189660904,
    "19": 517.798772024601,
    "20": 508.78387217420214,
    "21": 499.9436024767287,
    "22": 490.1711747839096,
    "23": 476.606073387633,
    "24": 469.6340550199468,
    "25": 459.8796833444149,
    "26": 454.68733793218087,
    "27": 446.63879030917553,
    "28": 438.7494119847074,
    "29": 433.55142328789896,
    "30": 428.10641622340427,
    "31": 429.74898603723403,
    "32": 421.0890167885638,
    "33": 414.2500768783245,
    "34": 409.66053648603724,
    "35": 409.7989403257979,
    "36": 406.2368060172872,
    "37": 404.1727518284574,
    "38": 395.23527052859043,
    "39": 392.496405418883,
    "40": 394.1985663231383,
    "41": 393.4193338597074,
    "42": 390.3072743517287,
    "43": 386.1265666555851,
    "44": 384.2450860206117,
    "45": 386.68690367353724,
    "46": 380.4538356050532,
    "47": 377.91299451462766,
    "48": 373.4339708693484,
    "49": 378.3052962932181,
    "50": 380.62318816489363,
    "51": 379.1420732214096,
    "52": 370.6084545378989,
    "53": 371.48159699135635,
    "54": 369.3679542054521,
    "55": 370.06509827958774,
    "56": 370.5967233211436,
    "57": 364.9995439245346,
    "58": 361.07523686835106,
    "59": 364.9588513962766,
    "60": 363.5776865857713,
    "61": 363.13673952792556,
    "62": 361.4668799867021,
    "63": 357.39155377327126,
    "64": 362.76825964095747,
    "65": 360.57920545212767,
    "66": 356.11566447805853,
    "67": 359.8404535821144,
    "68": 358.1468895445479,
    "69": 353.3001475232713,
    "70": 353.5535686087101,
    "71": 349.37735933344413,
    "72": 350.32549035904253,
    "73": 345.6639232878989,
    "74": 345.47666535073137,
    "75": 343.52184175531914,
    "76": 341.65342420212767,
    "77": 343.6649382895612,
    "78": 344.10993288730054,
    "79": 347.82173994348403,
    "80": 340.59456968916226,
    "81": 341.4516985954122,
    "82": 337.5800282579787,
    "83": 334.76779317652927,
    "84": 339.04135638297873,
    "85": 336.9651138630319,
    "86": 340.0479014295213,
    "87": 335.90428233045213,
    "88": 338.5841277426862,
    "89": 333.1297768450798,
    "90": 332.9445031998005,
    "91": 330.9104938912899,
    "92": 330.3539872839096,
    "93": 328.37917428523934,
    "94": 327.7181910738032,
    "95": 324.24039228723404,
    "96": 326.0742229055851,
    "97": 326.72384682513297,
    "98": 321.80606195977396,
    "99": 318.92029587765956,
    "100": 322.6697400681516,
    "101": 319.6309923537234,
    "102": 323.7288220994016,
    "103": 319.67820811170213,
    "104": 319.03821060505317,
    "105": 321.2157652509973,
    "106": 324.0735268450798,
    "107": 320.73484458111704,
    "108": 320.1976811835106,
    "109": 322.1196299451463,
    "110": 314.97815824468086,
    "111": 316.39470578457446,
    "112": 315.33294443982714,
    "113": 315.35791742852393,
    "114": 318.757823927859,
    "115": 315.0177786319814,
    "116": 315.43974401595744,
    "117": 313.3036787317154,
    "118": 311.5372828706782,
    "119": 311.91882791722077,
    "120": 310.0218677277261,
    "121": 311.8470235621676,
    "122": 313.3821870844415,
    "123": 312.47368060172874,
    "124": 310.90782808344414,
    "125": 312.4938642785904,
    "126": 306.69689058344414,
    "127": 307.6485154172207,
    "128": 304.57546023105056,
    "129": 304.0090778756649,
    "130": 306.98145154587763,
    "131": 311.75207987034577,
    "132": 307.02544984208777,
    "133": 303.51227559840424,
    "134": 301.10219934341757,
    "135": 302.45157496675535,
    "136": 303.5596804355053,
    "137": 305.70252347905586,
    "138": 302.72861951462767,
    "139": 300.635997755984,
    "140": 304.3406073387633,
    "141": 299.11548578789893,
    "142": 298.35319045046543,
    "143": 298.1230645362367,
    "144": 298.4175085189495,
    "145": 298.89453956117023,
    "146": 299.05078956117023,
    "147": 304.8823117519947,
    "148": 294.5871031416223,
    "149": 299.44149351728726,
    "150": 300.783368309508,
    "151": 297.3144926030585,
    "152": 297.06462246509307,
    "153": 291.54598882147604,
    "154": 298.15999729886965,
    "155": 296.7563071392952,
    "156": 293.8636490192819,
    "157": 296.7124646775266,
    "158": 291.17221575797873,
    "159": 298.1916451961436,
    "160": 293.28989050033243,
    "161": 296.57315492021274,
    "162": 293.6912909325133,
    "163": 294.8836675116356,
    "164": 294.1964833361037,
    "165": 294.93628760804523,
    "166": 290.2593781166888,
    "167": 291.0583620761303,
    "168": 289.78304105718087,
    "169": 294.7076130319149,
    "170": 291.9098549700798,
    "171": 287.64568234707446,
    "172": 289.1005682762633,
    "173": 287.08536714594413,
    "174": 287.6035021193484,
    "175": 290.1386884973404,
    "176": 290.95017141788566,
    "177": 291.9761126579122,
    "178": 283.4318068484043,
    "179": 285.9745106798537,
    "180": 290.02055975731383,
    "181": 287.77171293218083,
    "182": 289.4749542885638,
    "183": 282.75518513131647,
    "184": 284.2226614444814,
    "185": 287.3261396692154,
    "186": 284.06270258477394,
    "187": 290.6939463513963,
    "188": 285.2713067237367,
    "189": 283.9011843417553,
    "190": 284.6258373503989,
    "191": 282.487939453125,
    "192": 280.05200922539893,
    "193": 287.898065575133,
    "194": 289.1447857795878,
    "195": 286.8902593085106,
    "196": 288.5503054355053,
    "197": 284.9409304355053,
    "198": 283.0565834857048,
    "199": 282.2972874418218,
    "200": 282.1755464594415,
    "201": 278.1181651013963,
    "202": 284.3495709358378,
    "203": 282.0299742353723,
    "204": 282.31325319980056,
    "205": 278.81029961768616,
    "206": 281.59947431848406,
    "207": 283.3713067237367,
    "208": 275.66726645611703,
    "209": 277.9143014461436,
    "210": 278.0332914311835,
    "211": 276.51926840924204,
    "212": 277.74127431017286,
    "213": 280.38894094913564,
    "214": 277.8790672789229,
    "215": 276.4789020944149,
    "216": 282.74805414727393,
    "217": 278.26609250332444,
    "218": 276.2553097988697,
    "219": 280.16020715591753,
    "220": 285.73370179521277,
    "221": 277.7410322473404,
    "222": 277.41696205950797,
    "223": 273.0569387882314,
    "224": 271.41976811835104,
    "225": 272.419140625,
    "226": 279.400439453125,
    "227": 275.4880474983378,
    "228": 280.62335542719416,
    "229": 277.0529452709441,
    "230": 279.690576171875,
    "231": 271.48081574135637,
    "232": 276.7436866273271,
    "233": 277.87979658410904,
    "234": 272.9548682679521,
    "235": 271.56319086602394,
    "236": 270.15919942652926,
    "237": 272.19091589095746,
    "238": 270.3967451379654,
    "239": 276.7037909325133,
    "240": 273.6436544215426,
    "241": 272.9708454537899,
    "242": 272.6441936087101,
    "243": 277.74317133477393,
    "244": 275.7796532164229,
    "245": 269.13938040226066,
    "246": 270.9734447722739,
    "247": 272.87040807845744,
    "248": 274.991796875,
    "249": 274.68065575132977,
    "250": 269.6883654005984,
    "251": 272.97494909408243,
    "252": 268.9168592087766,
    "253": 272.1759547456782,
    "254": 270.1003553025266,
    "255": 271.18026720412234,
    "256": 264.94451982214093,
    "257": 265.9860621675532,
    "258": 271.0778309923537,
    "259": 272.3128833527261,
    "260": 270.96179666722077,
    "261": 274.64317445146276,
    "262": 271.6554375831117,
    "263": 271.75160093916224,
    "264": 272.5502046625665,
    "265": 261.94002347905587,
    "266": 267.8088763297872,